#HSFID	HSFTAG	Desig	JTAG	Ship	LDate	EDate	Dur	Crew	Callsign	Station	Program	Project	OrbID	DS	SSF
# Updated 2021 Dec 20 03:48:53
HB0001	MR2	1961-S31	R04473	MR-2	1961 Jan 31 1654:51	1961 Jan 31 1711:20	    0:00:16:29	   1	MR2	-	NASA	Mercury	-	   0	   0
H00001	V1	1961 MU	S00103	Vostok	1961 Apr 12 0607:00	1961 Apr 12 0747	    0:01:40 	   1	(Kedr)	-	RU	Vostok	ORB1	   0	   0
H00002	MR3	1961-S135	R04746	Freedom Seven	1961 May  5 1434:13	1961 May  5 1449:35	    0:00:15:22	   1	MR3	-	NASA	Mercury	SO1	   0	   0
H00003	MR4	1961-S216	R04947	Liberty Bell Seven	1961 Jul 21 1220:01	1961 Jul 21 1235:38	    0:00:15:37	   1	MR4	-	NASA	Mercury	SO2	   0	   0
H00004	V2	1961 TAU	S00168	Vostok-2	1961 Aug  6 0600	1961 Aug  7 0715	    1:01:14 	   1	(Oryol)	-	RU	Vostok	ORB2	   0	   0
HB0002	MA5	1961 A IOT	S00208	MA-5	1961 Nov 29 1507:57	1961 Nov 29 1828:56	    0:03:20:59	   1	MA5	-	NASA	Mercury	-	   0	   0
H00005	MA6	1962 GAM	S00240	Friendship Seven	1962 Feb 20 1447:39	1962 Feb 20 1943:02	    0:04:55:23	   1	MA6	-	NASA	Mercury	ORB3	   0	   0
H00006	MA7	1962 TAU	S00295	Aurora Seven	1962 May 24 1245:16	1962 May 24 1741:21	    0:04:56:05	   1	MA7	-	NASA	Mercury	ORB4	   0	   0
HA0001	X3A11	1962-A108	L09185	X-15-3	1962 Jul 10	1962 Jul 10	    0	   1	3-A-11	-	X-15	X-15	-	   0	   0
HA0002	X3A12	1962-A109	L09189	X-15-3	1962 Jul 11	1962 Jul 11	    0	   1	3-A-12	-	X-15	X-15	-	   0	   0
HA0003	X3A13	1962-A112	L09199	X-15-3	1962 Jul 16	1962 Jul 16	    0	   1	3-A-13	-	X-15	X-15	-	   0	   0
H00007	X30714	1962-S244	R06186	X-15-3	1962 Jul 17 1731:10	1962 Jul 17 1741:31	    0:00:10:21	   1	3-7-14	-	X-15	X-15	SO3	   0	   0
H00008	V3	1962 A MU	S00363	Vostok-3	1962 Aug 11 0830	1962 Aug 15 0644	    3:22:14 	   1	(Sokol)	-	RU	Vostok	ORB5	   0	   0
H00009	V4	1962 A NU	S00365	Vostok-4	1962 Aug 12 0802:17	1962 Aug 15 0651	    2:22:48 	   1	(Berkut)	-	RU	Vostok	ORB6	   0	   0
H00010	MA8	1962 B DEL	S00433	Sigma Seven	1962 Oct  3 1215:11	1962 Oct  3 2128:22	    0:09:13:11	   1	MA8	-	NASA	Mercury	ORB7	   0	   0
H00011	X31424	1963-S14	R07074	X-15-3	1963 Jan 17 1859:37	1963 Jan 17 1909:21	    0:00:09:44	   1	3-14-24	-	X-15	X-15	SO4	   0	   0
H00012	MA9	1963-015	S00576	Faith Seven	1963 May 15 1304:13	1963 May 16 2324:02	    1:10:19:49	   1	MA9	-	NASA	Mercury	ORB8	   0	   0
H00013	V5	1963-020	S00591	Vostok-5	1963 Jun 14 1158:58	1963 Jun 19 1059	    4:23:00 	   1	(Yastreb)	-	RU	Vostok	ORB9	   0	   0
H00014	V6	1963-023	S00595	Vostok-6	1963 Jun 16 0929:52	1963 Jun 19 0815	    2:22:45 	   1	(Chayka)	-	RU	Vostok	ORB10	   0	   0
H00015	X32031	1963-S304	R07801	X-15-3	1963 Jun 27 1756:03	1963 Jun 27 1806:31	    0:00:10:28	   1	3-20-31	-	X-15	X-15	SO5	   0	   0
H00016	X32132	1963-S344	R07917	X-15-3	1963 Jul 19 1820:05	1963 Jul 19 1831:29	    0:00:11:24	   1	3-21-32	-	X-15	X-15	SO6	   0	   0
HA0004	X3A33	1963-A117	L10581	X-15-3	1963 Aug  6	1963 Aug  6	    0	   1	3-A-33	-	X-15	X-15	-	   0	   0
HA0005	X3A34	1963-A119	L10593	X-15-3	1963 Aug 13	1963 Aug 13	    0	   1	3-A-34	-	X-15	X-15	-	   0	   0
HA0006	X3A35	1963-A120	L10598	X-15-3	1963 Aug 15	1963 Aug 15	    0	   1	3-A-35	-	X-15	X-15	-	   0	   0
H00017	X32236	1963-S401	R08068	X-15-3	1963 Aug 22 1805:57	1963 Aug 22 1817:06	    0:00:11:09	   1	3-22-36	-	X-15	X-15	SO7	   0	   0
H00018	VKH1	1964-065	S00904	Voskhod	1964 Oct 12 0730:01	1964 Oct 13 0747:04	    1:00:17:03	   3	(Rubin)	-	RU	Vostok	ORB11	   0	   0
H00019	VKH2	1965-022	S01274	Voskhod-2	1965 Mar 18 0700:00	1965 Mar 19 0902:17	    1:02:02:17	   2	(Almaz)	-	RU	Vostok	ORB12	   0	   0
H00020	GT3	1965-024	S01301	Gemini III	1965 Mar 23 1424:00	1965 Mar 23 1916:31	    0:04:52:31	   2	GT3	-	NASA	Gemini	ORB13	   0	   0
H00021	GT4	1965-043	S01390	Gemini IV	1965 Jun  3 1516:00	1965 Jun  7 1712:11	    4:01:56:11	   2	GT4	-	NASA	Gemini	ORB14	   0	   0
H00022	X34467	1965-S392	R11983	X-15-3	1965 Jun 29 1821:17	1965 Jun 29 1831:49	    0:00:10:32	   1	3-44-67	-	X-15	X-15	SO8	   0	   0
H00023	X34670	1965-S461	R12188	X-15-3	1965 Aug 10 1924:21	1965 Aug 10 1952:13	    0:00:27:52	   1	3-46-70	-	X-15	X-15	SO9	   0	   0
H00024	GT5	1965-068	S01516	Gemini V	1965 Aug 21 1400:00	1965 Aug 29 1255:14	    7:22:55:14	   2	GT5	-	NASA	Gemini	ORB15	   0	   0
H00025	X34973	1965-S519	R12403	X-15-3	1965 Sep 28 1807:37	1965 Sep 28 1819:33	    0:00:11:56	   1	3-49-73	-	X-15	X-15	SO10	   0	   0
H00026	X161101	1965-S554	R12493	X-15-1	1965 Oct 14 2046:32	1965 Oct 14 2056:00	    0:00:09:28	   1	1-61-101	-	X-15	X-15	SO11	   0	   0
H00027	GT7	1965-100	S01812	Gemini VII	1965 Dec  4 1930:04	1965 Dec 18 1405:04	   13:18:35:00	   2	GT7	-	NASA	Gemini	ORB16	   0	   0
HA0007	GT6A1	1965-A245	L80519	(Gemini VI-A)	1965 Dec 12 1454:06	1965 Dec 12 1454:07	    0:00:00:01	   2	GT6A	-	NASA	Gemini	-	   0	   0
H00028	GT6A	1965-104	S01839	Gemini VI-A	1965 Dec 15 1337:26	1965 Dec 16 1528:47	    1:01:51:21	   2	GT6A	-	NASA	Gemini	ORB17	   0	   0
H00029	GTA8	1966-020	S02105	Gemini VIII	1966 Mar 16 1641:02	1966 Mar 17 0322:28	    0:10:41:26	   2	GTA8	-	NASA	Gemini	ORB18	   0	   0
H00030	GTA9A	1966-047	S02191	Gemini IX-A	1966 Jun  3 1339:33	1966 Jun  6 1400:23	    3:00:20:50	   2	GTA9A	-	NASA	Gemini	ORB19	   0	   0
H00031	GTA10	1966-066	S02349	Gemini X	1966 Jul 18 2220:27	1966 Jul 21 2107:05	    2:22:46:38	   2	GTA10	-	NASA	Gemini	ORB20	   0	   0
H00032	GTA11	1966-081	S02415	Gemini XI	1966 Sep 12 1442:27	1966 Sep 15 1359:34	    2:23:17:07	   2	GTA11	-	NASA	Gemini	ORB21	   0	   0
H00033	X35683	1966-S579	R14819	X-15-3	1966 Nov  1 2124:12	1966 Nov  1  2134:55	    0:00:10:43	   1	3-56-83	-	X-15	X-15	SO12	   0	   0
H00034	GTA12	1966-104	S02566	Gemini XII	1966 Nov 11 2046:33	1966 Nov 15 1921:04	    3:22:34:31	   2	GTA12	-	NASA	Gemini	ORB22	   0	   0
H00035	S1	1967-037	S02759	Soyuz 1	1967 Apr 23 0035:00	1967 Apr 24 0322:52	    1:02:47:52	   1	(Rubin)	-	RU	Soyuz	ORB23	   0	   0
H00036	X36495	1967-S496	R16811	X-15-3	1967 Oct 17 1640:23	1967 Oct 17 1650:29	    0:00:10:06	   1	3-64-95	-	X-15	X-15	SO13	   0	   0
H00037	X36597	1967-S535	R16957	X-15-3	1967 Nov 15 1830:07	1967 Nov 15 1834:58	    0:00:04:51	   1	3-65-97	-	X-15	X-15	SO14	   0	   0
H00038	X179139	1968-S467	R18538	X-15-1	1968 Aug 21 1604:48	1968 Aug 21 1614:11	    0:00:09:23	   1	1-79-139	-	X-15	X-15	SO15	   0	   0
H00039	A7	1968-089	S03486	Apollo 7	1968 Oct 11 1502:45	1968 Oct 22 1111:48	   10:20:09:03	   3	Apollo 7	-	NASA	Apollo	ORB24	   0	   0
H00040	S3	1968-094	S03516	Soyuz-3	1968 Oct 26 0834:18	1968 Oct 30 0725:03	    3:22:50:45	   1	Argon	-	RU	Soyuz	ORB25	   0	   0
H00041	A8	1968-118	S03626	Apollo 8	1968 Dec 21 1251:00	1968 Dec 27 1551:42	    6:03:00:42	   3	Apollo 8	-	NASA	Apollo	ORB26	   1	   0
H00042	S4	1969-004	S03654	Soyuz-4	1969 Jan 14 0730:00	1969 Jan 17 0650:47	    2:23:20:47	   1	Amur	-	RU	Soyuz	ORB27	   0	   0
H00043	S5	1969-005	S03656	Soyuz-5	1969 Jan 15 0704:57	1969 Jan 18 0759:12	    3:00:54:15	   3	Baikal	-	RU	Soyuz	ORB28	   0	   0
H00044	A9	1969-018	S03769	Apollo 9	1969 Mar  3 1600:00	1969 Mar 13 1700:54	   10:01:00:54	   3	Gumdrop	-	NASA	Apollo	ORB29	   0	   0
H00045	A10	1969-043	S03941	Apollo 10	1969 May 18 1649:00	1969 May 26 1652:23	    8:00:03:23	   3	Charlie Brown	-	NASA	Apollo	ORB30	   2	   0
H00046	A11	1969-059	S04039	Apollo 11	1969 Jul 16 1332:00	1969 Jul 24 1650:35	    8:03:18:35	   3	Columbia	-	NASA	Apollo	ORB31	   3	   0
H00047	S6	1969-085	S04122	Soyuz-6	1969 Oct 11 1110:00	1969 Oct 16 0952:47	    4:22:42:47	   2	Antey	-	RU	Soyuz	ORB32	   0	   0
H00048	S7	1969-086	S04124	Soyuz-7	1969 Oct 12 1044:42	1969 Oct 17 0925:05	    4:22:40:23	   3	Buran	-	RU	Soyuz	ORB33	   0	   0
H00049	S8	1969-087	S04126	Soyuz-8	1969 Oct 13 1019:09	1969 Oct 18 0909:58	    4:22:50:49	   2	Granit	-	RU	Soyuz	ORB34	   0	   0
H00050	A12	1969-099	S04225	Apollo 12	1969 Nov 14 1622:00	1969 Nov 24 2058:33	   10:04:36:33	   3	Yankee Clipper	-	NASA	Apollo	ORB35	   4	   0
H00051	A13	1970-029	S04371	Apollo 13	1970 Apr 11 1913:03	1970 Apr 17 1807:41	    5:22:54:38	   3	Odyssey	-	NASA	Apollo	ORB36	   5	   0
H00052	S9	1970-041	S04407	Soyuz-9	1970 Jun  1 1900:00	1970 Jun 19 1158:55	   17:16:58:55	   2	Sokol	-	RU	Soyuz	ORB37	   0	   0
H00053	A14	1971-008	S04900	Apollo 14	1971 Jan 31 2103:02	1971 Feb  9 2104:59	    9:00:01:57	   3	Kitty Hawk	-	NASA	Apollo	ORB38	   6	   0
H00054	S10	1971-034	S05172	Soyuz-10	1971 Apr 22 2354:06	1971 Apr 24 2340:00	    1:23:45:54	   3	Granit	Salyut-1	RU	Soyuz	ORB39	   0	   1
H00055	S11	1971-053	S05283	Soyuz-11	1971 Jun  6 0455:09	1971 Jun 29 2316:52	   23:18:21:43	   3	Yantar	Salyut-1	RU	Soyuz	ORB40	   0	   2
H00056	A15	1971-063	S05351	Apollo 15	1971 Jul 26 1334:00	1971 Aug  7 2045:53	   12:07:11:53	   3	Endeavour	-	NASA	Apollo	ORB41	   7	   0
H00057	A16	1972-031	S06000	Apollo 16	1972 Apr 16 1754:00	1972 Apr 27 1945:05	   11:01:51:05	   3	Casper	-	NASA	Apollo	ORB42	   8	   0
H00058	A17	1972-096	S06300	Apollo 17	1972 Dec  7 0533:00	1972 Dec 19 1924:59	   12:13:51:59	   3	America	-	NASA	Apollo	ORB43	   9	   0
H00059	SL2	1973-032	S06655	Skylab 2	1973 May 25 1300:00	1973 Jun 22 1349:48	   28:00:49:48	   3	SL2	Skylab 1	NASA	Apollo	ORB44	   0	   3
H00060	SL3	1973-050	S06757	Skylab 3	1973 Jul 28 1110:50	1973 Sep 25 2219:54	   59:11:09:04	   3	SL3	Skylab 1	NASA	Apollo	ORB45	   0	   4
H00061	S12	1973-067	S06836	Soyuz-12	1973 Sep 27 1218:16	1973 Sep 29 1133:48	    1:23:15:32	   2	Ural	-	RU	Soyuz	ORB46	   0	   0
H00062	SL4	1973-090	S06936	Skylab 4	1973 Nov 16 1401:23	1974 Feb  8 1516:55	   84:01:15:32	   3	SL4	Skylab 1	NASA	Apollo	ORB47	   0	   5
H00063	S13	1973-103	S06982	Soyuz-13	1973 Dec 18 1155:00	1973 Dec 26 0850:35	    7:20:55:35	   2	Kavkaz	-	RU	Soyuz	ORB48	   0	   0
H00064	S14	1974-051	S07361	Soyuz-14	1974 Jul  3 1851:08	1974 Jul 19 1221:36	   15:17:30:28	   2	Berkut	Salyut 3	RU	Soyuz	ORB49	   0	   6
H00065	S15	1974-067	S07421	Soyuz-15	1974 Aug 26 1958:05	1974 Aug 28 2010:16	    2:00:12:11	   2	Dunay	Salyut 3	RU	Soyuz	ORB50	   0	   7
H00066	S16	1974-096	S07561	Soyuz-16	1974 Dec  2 0940:00	1974 Dec  8 0803:35	    5:22:23:35	   2	Buran	-	RU	Soyuz	ORB51	   0	   0
H00067	S17	1975-001	S07604	Soyuz-17	1975 Jan 10 2143:37	1975 Feb  9 1103:22	   29:13:19:45	   2	Zenit	Salyut 4	RU	Soyuz	ORB52	   0	   8
H00068	S18A	1975-F02	F00734	Soyuz	1975 Apr  5 1104:54	1975 Apr  5 1126:21	    0:00:21:27	   2	Ural	Salyut 4	RU	Soyuz	SO16	   0	   9
H00069	S18	1975-044	S07818	Soyuz-18	1975 May 24 1458:10	1975 Jul 26 1418:18	   62:23:20:08	   2	Kavkaz	Salyut 4	RU	Soyuz	ORB53	   0	  10
H00070	S19	1975-065	S08030	Soyuz-19	1975 Jul 15 1220:00	1975 Jul 21 1050:51	    5:22:30:51	   2	EPSA	-	RU	Soyuz	ORB54	   0	   0
H00071	ASTP	1975-066	S08032	Apollo ASTP	1975 Jul 15 1950:01	1975 Jul 24 2118:24	    9:01:28:23	   3	ASTP	-	NASA	Apollo	ORB55	   0	   0
H00072	S21	1976-064	S08934	Soyuz-21	1976 Jul  6 1208:45	1976 Aug 24 1832:17	   49:06:23:32	   2	Baikal	Salyut 5	RU	Soyuz	ORB56	   0	  11
H00073	S22	1976-093	S09421	Soyuz-22	1976 Sep 15 0948:30	1976 Sep 23 0740:47	    7:21:52:17	   2	Yastreb	-	RU	Soyuz	ORB57	   0	   0
H00074	S23	1976-100	S09477	Soyuz-23	1976 Oct 14 1739:18	1976 Oct 16 1745:53	    2:00:06:35	   2	Rodon	Salyut 5	RU	Soyuz	ORB58	   0	  12
H00075	S24	1977-008	S09804	Soyuz-24	1977 Feb  7 1611:50	1977 Feb 25 0937:48	   17:17:25:58	   2	Terek	Salyut 5	RU	Soyuz	ORB59	   0	  13
H00076	S25	1977-099	S10401	Soyuz-25	1977 Oct  9 0240:35	1977 Oct 11 0325:20	    2:00:44:45	   2	Photon	Salyut 6	RU	Soyuz	ORB60	   0	  14
H00077	S26	1977-113	S10506	Soyuz-26	1977 Dec 10 0118:40	1978 Jan 16 1124:58	   37:10:06:18	   2	Taimyr	Salyut 6	RU	Soyuz	ORB61	   0	  15
H00078	S27	1978-003	S10560	Soyuz-27	1978 Jan 10 1226:00	1978 Mar 16 1118:47	   64:22:52:47	   2	Pamir	Salyut 6	RU	Soyuz	ORB62	   0	  16
H00079	S28	1978-023	S10694	Soyuz-28	1978 Mar  2 1528:10	1978 Mar 10 1344:10	    7:22:16:00	   2	Zenit	Salyut 6	RU	Soyuz	ORB63	   0	  17
H00080	S29	1978-061	S10952	Soyuz-29	1978 Jun 15 2016:45	1978 Sep  3 1140:34	   79:15:23:49	   2	Photon	Salyut 6	RU	Soyuz	ORB64	   0	  18
H00081	S30	1978-065	S10968	Soyuz-30	1978 Jun 27 1527:21	1978 Jul  5 1330:20	    7:22:02:59	   2	Kavkaz	Salyut 6	RU	Soyuz	ORB65	   0	  19
H00082	S31	1978-081	S11010	Soyuz-31	1978 Aug 26 1451:30	1978 Nov  2 1104:17	   67:20:12:47	   2	Yastreb	Salyut 6	RU	Soyuz	ORB66	   0	  20
H00083	S32	1979-018	S11281	Soyuz-32	1979 Feb 25 1153:49	1979 Jun 13 1618:26	  108:04:24:37	   2	Proton	Salyut 6	RU	Soyuz	ORB67	   0	  21
H00084	S33	1979-029	S11324	Soyuz-33	1979 Apr 10 1734:34	1979 Apr 12 1635:40	    1:23:01:06	   2	Saturn	Salyut 6	RU	Soyuz	ORB68	   0	  22
H00085	S35	1980-027	S11753	Soyuz-35	1980 Apr  9 1338:22	1980 Jun  3 1506:23	   55:01:28:01	   2	Dnepr	Salyut 6	RU	Soyuz	ORB69	   0	  23
H00086	S36	1980-041	S11811	Soyuz-36	1980 May 26 1820:39	1980 Jul 31 1515:02	   65:20:54:23	   2	Orion	Salyut 6	RU	Soyuz	ORB70	   0	  24
H00087	T2	1980-045	S11825	Soyuz T-2	1980 Jun  5 1419:30	1980 Jun  9 1239:00	    3:22:19:30	   2	Jupiter	Salyut 6	RU	Soyuz	ORB71	   0	  25
H00088	S37	1980-064	S11905	Soyuz-37	1980 Jul 23 1833:03	1980 Oct 11 0949:57	   79:15:16:54	   2	Terek	Salyut 6	RU	Soyuz	ORB72	   0	  26
H00089	S38	1980-075	S11977	Soyuz-38	1980 Sep 18 1911:04	1980 Sep 26 1554:27	    7:20:43:23	   2	Taimyr	Salyut 6	RU	Soyuz	ORB73	   0	  27
H00090	T3	1980-094	S12077	Soyuz T-3	1980 Nov 27 1418:28	1980 Dec 10 0926:10	   12:19:07:42	   3	Mayak	Salyut 6	RU	Soyuz	ORB74	   0	  28
H00091	T4	1981-023	S12334	Soyuz T-4	1981 Mar 12 1900:11	1981 May 26 1237:34	   74:17:37:23	   2	Photon	Salyut 6	RU	Soyuz	ORB75	   0	  29
H00092	S39	1981-029	S12366	Soyuz-39	1981 Mar 22 1458:55	1981 Mar 30 1140:58	    7:20:42:03	   2	Pamir	Salyut 6	RU	Soyuz	ORB76	   0	  30
H00093	STS1	1981-034	S12399	STS-1	1981 Apr 12 1200:04	1981 Apr 14 1820:51	    2:06:20:47	   2	Columbia	-	NASA	STS	ORB77	   0	   0
H00094	S40	1981-042	S12454	Soyuz-40	1981 May 14 1716:38	1981 May 22 1358:30	    7:20:41:52	   2	Dnepr	Salyut 6	RU	Soyuz	ORB78	   0	  31
H00095	STS2	1981-111	S12953	STS-2	1981 Nov 12 1510:00	1981 Nov 14 2123:13	    2:06:13:13	   2	Columbia	-	NASA	STS	ORB79	   0	   0
H00096	STS3	1982-022	S13106	STS-3	1982 Mar 22 1600:00	1982 Mar 30 1604:45	    8:00:04:45	   2	Columbia	-	NASA	STS	ORB80	   0	   0
H00097	T5	1982-042	S13173	Soyuz T-5	1982 May 13 0958:05	1982 Aug 27 1504:16	  106:05:06:11	   2	El'brus	Salyut-7	RU	Soyuz	ORB81	   0	  32
H00098	T6	1982-063	S13292	Soyuz T-6	1982 Jun 24 1629:48	1982 Jul  2 1420:40	    7:21:50:52	   3	Pamir	Salyut-7	RU	Soyuz	ORB82	   0	  33
H00099	STS4	1982-065	S13300	STS-4	1982 Jun 27 1500:00	1982 Jul  4 1609:40	    7:01:09:40	   2	Columbia	-	NASA	STS	ORB83	   0	   0
H00100	T7	1982-080	S13425	Soyuz T-7	1982 Aug 19 1711:52	1982 Dec 10 1902:36	  113:01:50:44	   3	Dnepr	Salyut-7	RU	Soyuz	ORB84	   0	  34
H00101	STS5	1982-110	S13650	STS-5	1982 Nov 11 1219:00	1982 Nov 16 1433:26	    5:02:14:26	   4	Columbia	-	NASA	STS	ORB85	   0	   0
H00102	STS6	1983-026	S13968	STS-6	1983 Apr  4 1830:00	1983 Apr  9 1853:42	    5:00:23:42	   4	Challenger	-	NASA	STS	ORB86	   0	   0
H00103	T8	1983-035	S14014	Soyuz T-8	1983 Apr 20 1310:54	1983 Apr 22 1328:42	    2:00:17:48	   3	Okean	Salyut-7	RU	Soyuz	ORB87	   0	  35
H00104	STS7	1983-059	S14132	STS-7	1983 Jun 18 1133:00	1983 Jun 24 1356:59	    6:02:23:59	   5	Challenger	-	NASA	STS	ORB88	   0	   0
H00105	T9	1983-062	S14152	Soyuz T-9	1983 Jun 27 0912:18	1983 Nov 23 1958:19	  149:10:46:01	   2	Proton	Salyut-7	RU	Soyuz	ORB89	   0	  36
H00106	STS8	1983-089	S14312	STS-8	1983 Aug 30 0632:00	1983 Sep  5 0740:43	    6:01:08:43	   5	Challenger	-	NASA	STS	ORB90	   0	   0
HA0008	T10A	1983-F02	F00971	Soyuz T	1983 Sep 26 1937:51	1983 Sep 26 1943:21	    0:00:05:30	   2	Okean	Salyut-7	RU	Soyuz	-	   0	   0
H00107	STS9	1983-116	S14523	STS-9	1983 Nov 28 1600:00	1983 Dec  8 2347:24	   10:07:47:24	   6	Columbia	-	NASA	STS	ORB91	   0	   0
H00108	STS41B	1984-011	S14681	STS 41-B	1984 Feb  3 1300:00	1984 Feb 11 1215:55	    7:23:15:55	   5	Challenger	-	NASA	STS	ORB92	   0	   0
H00109	T10	1984-014	S14701	Soyuz T-10	1984 Feb  8 1207:26	1984 Apr 11 1048:48	   62:22:41:22	   3	Mayak	Salyut-7	RU	Soyuz	ORB93	   0	  37
H00110	T11	1984-032	S14872	Soyuz T-11	1984 Apr  3 1308:42	1984 Oct  2 1056:30	  181:21:47:48	   3	Jupiter	Salyut-7	RU	Soyuz	ORB94	   0	  38
H00111	STS41C	1984-034	S14897	STS 41-C	1984 Apr  6 1358:00	1984 Apr 13 1338:07	    6:23:40:07	   5	Challenger	-	NASA	STS	ORB95	   0	   0
HA0009	STS41D1	1984-A47	L80526	STS 41-D	1984 Jun 26 1243:06	1984 Jun 26 1243:06	    0:00:00:00	   6	Discovery	-	NASA	STS	-	   0	   0
H00112	T12	1984-073	S15119	Soyuz T-12	1984 Jul 17 1740:54	1984 Jul 29 1255:30	   11:19:14:36	   3	Pamir	Salyut-7	RU	Soyuz	ORB96	   0	  39
H00113	STS41D	1984-093	S15234	STS 41-D	1984 Aug 30 1241:50	1984 Sep  5 1337:54	    6:00:56:04	   6	Discovery	-	NASA	STS	ORB97	   0	   0
H00114	STS41G	1984-108	S15353	STS 41-G	1984 Oct  5 1103:00	1984 Oct 13 1626:33	    8:05:23:33	   7	Challenger	-	NASA	STS	ORB98	   0	   0
H00115	STS51A	1984-113	S15382	STS 51-A	1984 Nov  8 1215:00	1984 Nov 16 1159:56	    7:23:44:56	   5	Discovery	-	NASA	STS	ORB99	   0	   0
H00116	STS51C	1985-010	S15496	STS 51-C	1985 Jan 24 1950:00	1985 Jan 27 2123:23	    3:01:33:23	   5	Discovery	-	NASA	STS	ORB100	   0	   0
H00117	STS51D	1985-028	S15641	STS 51-D	1985 Apr 12 1359:05	1985 Apr 19 1354:28	    6:23:55:23	   7	Discovery	-	NASA	STS	ORB101	   0	   0
H00118	STS51B	1985-034	S15665	STS 51-B	1985 Apr 29 1602:18	1985 May  6 1611:04	    7:00:08:46	   7	Challenger	-	NASA	STS	ORB102	   0	   0
H00119	T13	1985-043	S15804	Soyuz T-13	1985 Jun  6 0639:52	1985 Sep 26 0951:58	  112:03:12:06	   2	Pamir	Salyut-7	RU	Soyuz	ORB103	   0	  40
H00120	STS51G	1985-048	S15823	STS 51-G	1985 Jun 17 1133:00	1985 Jun 24 1311:52	    7:01:38:52	   7	Discovery	-	NASA	STS	ORB104	   0	   0
HA0010	STS51F1	1985-A26	L80530	STS 51-F	1985 Jul 12 2030:00	1985 Jul 12 2030:00	    0:00:00:00	   7	Challenger	-	NASA	STS	-	   0	   0
H00121	STS51F	1985-063	S15925	STS 51-F	1985 Jul 29 2100:00	1985 Aug  6 1945:26	    7:22:45:26	   7	Challenger	-	NASA	STS	ORB105	   0	   0
H00122	STS51I	1985-076	S15992	STS 51-I	1985 Aug 27 1058:01	1985 Sep  3 1315:43	    7:02:17:42	   5	Discovery	-	NASA	STS	ORB106	   0	   0
H00123	T14	1985-081	S16051	Soyuz T-14	1985 Sep 17 1238:52	1985 Nov 21 1031:00	   64:21:52:08	   3	Cheget	Salyut-7	RU	Soyuz	ORB107	   0	  41
H00124	STS51J	1985-092	S16115	STS 51-J	1985 Oct  3 1515:30	1985 Oct  7 1700:08	    4:01:44:38	   5	Atlantis	-	NASA	STS	ORB108	   0	   0
H00125	STS61A	1985-104	S16230	STS 61-A	1985 Oct 30 1700:00	1985 Nov  6 1744:51	    7:00:44:51	   8	Challenger	-	NASA	STS	ORB109	   0	   0
H00126	STS61B	1985-109	S16273	STS 61-B	1985 Nov 27 0029:00	1985 Dec  3 2133:49	    6:21:04:49	   7	Atlantis	-	NASA	STS	ORB110	   0	   0
H00127	STS61C	1986-003	S16481	STS 61-C	1986 Jan 12 1155:00	1986 Jan 18 1358:51	    6:02:03:51	   7	Columbia	-	NASA	STS	ORB111	   0	   0
HA0011	STS51L	1986-F01	F00994	STS 51-L	1986 Jan 28 1638:00	1986 Jan 28 1642:46	    0:00:04:46	   0	Challenger	-	NASA	STS	-	   0	   0
H00128	T15	1986-022	S16643	Soyuz T-15	1986 Mar 13 1233:09	1986 Jul 16 1234:05	  125:00:00:56	   2	Mayak	Salyut-7	RU	Soyuz	ORB112	   0	  42
H00129	TM2	1987-013	S17482	Soyuz TM-2	1987 Feb  5 2138:16	1987 Jul 30 0104:12	  174:03:25:56	   2	Taimyr	Mir	RU	Soyuz	ORB113	   0	  43
H00130	TM3	1987-063	S18222	Soyuz TM-3	1987 Jul 22 0159:17	1987 Dec 29 0916:15	  160:07:16:58	   3	Vityaz	Mir	RU	Soyuz	ORB114	   0	  44
H00131	TM4	1987-104	S18699	Soyuz TM-4	1987 Dec 21 1118:03	1988 Jun 17 1012:32	  178:22:54:29	   3	Okean	Mir	RU	Soyuz	ORB115	   0	  45
H00132	TM5	1988-048	S19204	Soyuz TM-5	1988 Jun  7 1403:13	1988 Sep  7 0049:38	   91:10:46:25	   3	Rodnik	Mir	RU	Soyuz	ORB116	   0	  46
H00133	TM6	1988-075	S19443	Soyuz TM-6	1988 Aug 29 0423:11	1988 Dec 21 0957:00	  114:05:33:49	   3	Proton	Mir	RU	Soyuz	ORB117	   0	  47
H00134	STS26R	1988-091	S19547	STS-26	1988 Sep 29 1537:00	1988 Oct  3 1637:11	    4:01:00:11	   5	Discovery	-	NASA	STS	ORB118	   0	   0
H00135	TM7	1988-104	S19660	Soyuz TM-7	1988 Nov 26 1549:34	1989 Apr 27 0257:58	  151:11:08:24	   3	Donbass	Mir	RU	Soyuz	ORB119	   0	  48
H00136	STS27R	1988-106	S19670	STS-27	1988 Dec  2 1430:34	1988 Dec  6 2336:11	    4:09:05:37	   5	Atlantis	-	NASA	STS	ORB120	   0	   0
H00137	STS29R	1989-021	S19882	STS-29	1989 Mar 13 1457:00	1989 Mar 18 1435:48	    4:23:38:48	   5	Discovery	-	NASA	STS	ORB121	   0	   0
H00138	STS30R	1989-033	S19968	STS-30	1989 May  4 1847:00	1989 May  8 1943:26	    4:00:56:26	   5	Atlantis	-	NASA	STS	ORB122	   0	   0
H00139	STS28R	1989-061	S20164	STS-28	1989 Aug  8 1237:00	1989 Aug 13 1337:09	    5:01:00:09	   5	Columbia	-	NASA	STS	ORB123	   0	   0
H00140	TM8	1989-071	S20218	Soyuz TM-8	1989 Sep  5 2138:03	1990 Feb 19 0436:18	  166:06:58:15	   2	Vityaz	Mir	RU	Soyuz	ORB124	   0	  49
H00141	STS34	1989-084	S20297	STS-34	1989 Oct 18 1653:40	1989 Oct 23 1633:01	    4:23:39:21	   5	Atlantis	-	NASA	STS	ORB125	   0	   0
H00142	STS33R	1989-090	S20329	STS-33	1989 Nov 23 0023:30	1989 Nov 28 0030:15	    5:00:06:45	   5	Discovery	-	NASA	STS	ORB126	   0	   0
H00143	STS32R	1990-002	S20409	STS-32	1990 Jan  9 1235:00	1990 Jan 20 0935:36	   10:21:00:36	   5	Columbia	-	NASA	STS	ORB127	   0	   0
H00144	TM9	1990-014	S20494	Soyuz TM-9	1990 Feb 11 0616:00	1990 Aug  9 0733:57	  179:01:17:57	   2	Rodnik	Mir	RU	Soyuz	ORB128	   0	  50
H00145	STS36	1990-019	S20512	STS-36	1990 Feb 28 0750:22	1990 Mar  4 1808:44	    4:10:18:22	   5	Atlantis	-	NASA	STS	ORB129	   0	   0
H00146	STS31R	1990-037	S20579	STS-31	1990 Apr 24 1233:52	1990 Apr 29 1349:56	    5:01:16:04	   5	Discovery	-	NASA	STS	ORB130	   0	   0
H00147	TM10	1990-067	S20722	Soyuz TM-10	1990 Aug  1 0932:21	1990 Dec 10 0608:12	  130:20:35:51	   2	Vulkan	Mir	RU	Soyuz	ORB131	   0	  51
H00148	STS41	1990-090	S20841	STS-41	1990 Oct  6 1147:16	1990 Oct 10 1357:18	    4:02:10:02	   5	Discovery	-	NASA	STS	ORB132	   0	   0
H00149	STS38	1990-097	S20935	STS-38	1990 Nov 15 2348:15	1990 Nov 20 2142:42	    4:21:54:27	   5	Atlantis	-	NASA	STS	ORB133	   0	   0
H00150	STS35	1990-106	S20980	STS-35	1990 Dec  2 0649:00	1990 Dec 11 0554:08	    8:23:05:08	   7	Columbia	-	NASA	STS	ORB134	   0	   0
H00151	TM11	1990-107	S20981	Soyuz TM-11	1990 Dec  2 0813:32	1991 May 26 1004:13	  175:01:50:41	   3	Derbent	Mir	RU	Soyuz	ORB135	   0	  52
H00152	STS37	1991-027	S21224	STS-37	1991 Apr  5 1422:45	1991 Apr 11 1355:29	    5:23:32:44	   5	Atlantis	-	NASA	STS	ORB136	   0	   0
H00153	STS39	1991-031	S21242	STS-39	1991 Apr 28 1133:14	1991 May  6 1855:35	    8:07:22:21	   7	Discovery	-	NASA	STS	ORB137	   0	   0
H00154	TM12	1991-034	S21311	Soyuz TM-12	1991 May 18 1250:28	1991 Oct 10 0412:18	  144:15:21:50	   3	Ozon	Mir	RU	Soyuz	ORB138	   0	  53
H00155	STS40	1991-040	S21399	STS-40	1991 Jun  5 1324:51	1991 Jun 14 1539:11	    9:02:14:20	   7	Columbia	-	NASA	STS	ORB139	   0	   0
H00156	STS43	1991-054	S21638	STS-43	1991 Aug  2 1502:00	1991 Aug 11 1223:25	    8:21:21:25	   5	Atlantis	-	NASA	STS	ORB140	   0	   0
H00157	STS48	1991-063	S21700	STS-48	1991 Sep 12 2311:04	1991 Sep 18 0738:42	    5:08:27:38	   5	Discovery	-	NASA	STS	ORB141	   0	   0
H00158	TM13	1991-069	S21735	Soyuz TM-13	1991 Oct  2 0559:38	1992 Mar 25 0851:02	  175:02:51:24	   3	Donbass	Mir	RU	Soyuz	ORB142	   0	  54
H00159	STS44	1991-080	S21795	STS-44	1991 Nov 24 2344:00	1991 Dec  1 2234:42	    6:22:50:42	   6	Atlantis	-	NASA	STS	ORB143	   0	   0
H00160	STS42	1992-002	S21846	STS-42	1992 Jan 22 1452:33	1992 Jan 30 1607:17	    8:01:14:44	   7	Discovery	-	NASA	STS	ORB144	   0	   0
H00161	TM14	1992-014	S21908	Soyuz TM-14	1992 Mar 17 1054:30	1992 Aug 10 0105:02	  145:14:10:32	   3	Vityaz	Mir	RU	Soyuz	ORB145	   0	  55
H00162	STS45	1992-015	S21915	STS-45	1992 Mar 24 1313:39	1992 Apr  2 1123:06	    8:22:09:27	   7	Atlantis	-	NASA	STS	ORB146	   0	   0
H00163	STS49	1992-026	S21963	STS-49	1992 May  7 2340:00	1992 May 16 2057:38	    8:21:17:38	   7	Endeavour	-	NASA	STS	ORB147	   0	   0
H00164	STS50	1992-034	S22000	STS-50	1992 Jun 25 1612:22	1992 Jul  9 1142:27	   13:19:30:05	   7	Columbia	-	NASA	STS	ORB148	   0	   0
H00165	TM15	1992-046	S22054	Soyuz TM-15	1992 Jul 27 0608:42	1993 Feb  1 0348:13	  188:21:39:31	   3	Rodnik	Mir	RU	Soyuz	ORB149	   0	  56
H00166	STS46	1992-049	S22064	STS-46	1992 Jul 31 1356:48	1992 Aug  8 1311:50	    7:23:15:02	   7	Atlantis	-	NASA	STS	ORB150	   0	   0
H00167	STS47	1992-061	S22120	STS-47	1992 Sep 12 1423:00	1992 Sep 20 1253:22	    7:22:30:22	   7	Endeavour	-	NASA	STS	ORB151	   0	   0
H00168	STS52	1992-070	S22194	STS-52	1992 Oct 22 1709:40	1992 Nov  1 1405:52	    9:20:56:12	   6	Columbia	-	NASA	STS	ORB152	   0	   0
H00169	STS53	1992-086	S22259	STS-53	1992 Dec  2 1324:00	1992 Dec  9 2043:47	    7:07:19:47	   5	Discovery	-	NASA	STS	ORB153	   0	   0
H00170	STS54	1993-003	S22313	STS-54	1993 Jan 13 1359:30	1993 Jan 19 1337:47	    5:23:38:17	   5	Endeavour	-	NASA	STS	ORB154	   0	   0
H00171	TM16	1993-005	S22319	Soyuz TM-16	1993 Jan 24 0558:05	1993 Jul 22 0641:50	  179:00:43:45	   2	Vulkan	Mir	RU	Soyuz	ORB155	   0	  57
HA0012	STS55X	1993-A20	L80547	STS-55	1993 Mar 22 1450:57	1993 Mar 22 1450:57	    0:00:00:00	   7	Columbia	-	NASA	STS	-	   0	   0
H00172	STS56	1993-023	S22621	STS-56	1993 Apr  8 0529:00	1993 Apr 17 1137:19	    9:06:08:19	   5	Discovery	-	NASA	STS	ORB156	   0	   0
H00173	STS55	1993-027	S22640	STS-55	1993 Apr 26 1450:00	1993 May  6 1430:00	    9:23:40:00	   7	Columbia	-	NASA	STS	ORB157	   0	   0
H00174	STS57	1993-037	S22684	STS-57	1993 Jun 21 1307:22	1993 Jul  1 1252:16	    9:23:44:54	   6	Endeavour	-	NASA	STS	ORB158	   0	   0
H00175	TM17	1993-043	S22704	Soyuz TM-17	1993 Jul  1 1432:58	1994 Jan 14 0818:20	  196:17:45:22	   3	Sirius	Mir	RU	Soyuz	ORB159	   0	  58
HA0013	STS51X	1993-A21	L80551	STS-51	1993 Aug 12 1312:32	1993 Aug 12 1312:32	    0:00:00:00	   5	Discovery	-	NASA	STS	-	   0	   0
H00176	STS51	1993-058	S22795	STS-51	1993 Sep 12 1145:00	1993 Sep 22 0756:06	    9:20:11:06	   5	Discovery	-	NASA	STS	ORB160	   0	   0
H00177	STS58	1993-065	S22869	STS-58	1993 Oct 18 1453:10	1993 Nov  1 1505:43	   14:00:12:33	   7	Columbia	-	NASA	STS	ORB161	   0	   0
H00178	STS61	1993-075	S22917	STS-61	1993 Dec  2 0927:00	1993 Dec 13 0525:34	   10:19:58:34	   7	Endeavour	-	NASA	STS	ORB162	   0	   0
H00179	TM18	1994-001	S22957	Soyuz TM-18	1994 Jan  8 1005:34	1994 Jul  9 1032:35	  182:00:27:01	   3	Derbent	Mir	RU	Soyuz	ORB163	   0	  59
H00180	STS60	1994-006	S22977	STS-60	1994 Feb  3 1210:00	1994 Feb 11 1919:22	    8:07:09:22	   6	Discovery	-	NASA	STS	ORB164	   0	   0
H00181	STS62	1994-015	S23025	STS-62	1994 Mar  4 1353:00	1994 Mar 18 1309:41	   13:23:16:41	   5	Columbia	-	NASA	STS	ORB165	   0	   0
H00182	STS59	1994-020	S23042	STS-59	1994 Apr  9 1105:01	1994 Apr 20 1654:30	   11:05:49:29	   6	Endeavour	-	NASA	STS	ORB166	   0	   0
H00183	TM19	1994-036	S23139	Soyuz TM-19	1994 Jul  1 1224:50	1994 Nov  4 1118:26	  125:22:53:36	   2	Agat	Mir	RU	Soyuz	ORB167	   0	  60
H00184	STS65	1994-039	S23173	STS-65	1994 Jul  8 1643:00	1994 Jul 23 1038:01	   14:17:55:01	   7	Columbia	-	NASA	STS	ORB168	   0	   0
H00185	STS64	1994-059	S23251	STS-64	1994 Sep  9 2222:53	1994 Sep 20 2112:53	   10:22:50:00	   6	Discovery	-	NASA	STS	ORB169	   0	   0
HA0014	STS68X	1994-A08	L80543	STS-68	1994 Aug 18 1053:58	1994 Aug 18 1053:58	    0:00:00:00	   6	Endeavour	-	NASA	STS	-	   0	   0
H00186	STS68	1994-062	S23285	STS-68	1994 Sep 30 1116:00	1994 Oct 11 1702:09	   11:05:46:09	   6	Endeavour	-	NASA	STS	ORB170	   0	   0
H00187	TM20	1994-063	S23288	Soyuz TM-20	1994 Oct  3 2242:30	1995 Mar 22 0404:05	  169:05:21:35	   3	Vityaz	Mir	RU	Soyuz	ORB171	   0	  61
H00188	STS66	1994-073	S23340	STS-66	1994 Nov  3 1659:43	1994 Nov 14 1533:45	   10:22:34:02	   6	Atlantis	-	NASA	STS	ORB172	   0	   0
H00189	STS63	1995-004	S23469	STS-63	1995 Feb  3 0522:04	1995 Feb 11 1150:19	    8:06:28:15	   6	Discovery	Mir	NASA	STS	ORB173	   0	  62
H00190	STS67	1995-007	S23500	STS-67	1995 Mar  2 0638:13	1995 Mar 18 2147:00	   16:15:08:47	   7	Endeavour	-	NASA	STS	ORB174	   0	   0
H00191	TM21	1995-010	S23519	Soyuz TM-21	1995 Mar 14 0611:34	1995 Sep 11 0652:40	  181:00:41:06	   3	Uragan	Mir	RU	Soyuz	ORB175	   0	  63
H00192	STS71	1995-030	S23600	STS-71	1995 Jun 27 1932:18	1995 Jul  7 1454:36	    9:19:22:18	   7	Atlantis	Mir	NASA	STS	ORB176	   0	  64
H00193	STS70	1995-035	S23612	STS-70	1995 Jul 13 1341:55	1995 Jul 22 1202:02	    8:22:20:07	   5	Discovery	-	NASA	STS	ORB177	   0	   0
H00194	TM22	1995-047	S23665	Soyuz TM-22	1995 Sep  3 0900:23	1996 Feb 29 1042:08	  179:01:41:45	   3	Uran	Mir	RU	Soyuz	ORB178	   0	  65
H00195	STS69	1995-048	S23667	STS-69	1995 Sep  7 1509:00	1995 Sep 18 1137:56	   10:20:28:56	   5	Endeavour	-	NASA	STS	ORB179	   0	   0
H00196	STS73	1995-056	S23688	STS-73	1995 Oct 20 1353:00	1995 Nov  5 1145:21	   15:21:52:21	   7	Columbia	-	NASA	STS	ORB180	   0	   0
H00197	STS74	1995-061	S23714	STS-74	1995 Nov 12 1230:43	1995 Nov 20 1701:27	    8:04:30:44	   5	Atlantis	Mir	NASA	STS	ORB181	   0	  66
H00198	STS72	1996-001	S23762	STS-72	1996 Jan 11 0941:00	1996 Jan 20 0741:41	    8:22:00:41	   6	Endeavour	-	NASA	STS	ORB182	   0	   0
H00199	TM23	1996-011	S23798	Soyuz TM-23	1996 Feb 21 1234:05	1996 Sep  2 0741:40	  193:19:07:35	   2	Skif	Mir	RU	Soyuz	ORB183	   0	  67
H00200	STS75	1996-012	S23801	STS-75	1996 Feb 22 2018:00	1996 Mar  9 1358:21	   15:17:40:21	   7	Columbia	-	NASA	STS	ORB184	   0	   0
H00201	STS76	1996-018	S23831	STS-76	1996 Mar 22 0813:04	1996 Mar 31 1328:57	    9:05:15:53	   6	Atlantis	Mir	NASA	STS	ORB185	   0	  68
H00202	STS77	1996-032	S23870	STS-77	1996 May 19 1030:00	1996 May 29 1109:24	   10:00:39:24	   6	Endeavour	-	NASA	STS	ORB186	   0	   0
H00203	STS78	1996-036	S23931	STS-78	1996 Jun 20 1449:00	1996 Jul  7 1236:36	   16:21:47:36	   7	Columbia	-	NASA	STS	ORB187	   0	   0
H00204	TM24	1996-047	S24280	Soyuz TM-24	1996 Aug 17 1318:03	1997 Mar  2 0644:13	  196:17:26:10	   3	Fregat	Mir	RU	Soyuz	ORB188	   0	  69
H00205	STS79	1996-057	S24324	STS-79	1996 Sep 16 0854:49	1996 Sep 26 1213:15	   10:03:18:26	   6	Atlantis	Mir	NASA	STS	ORB189	   0	  70
H00206	STS80	1996-065	S24660	STS-80	1996 Nov 19 1955:47	1996 Dec  7 1149:05	   17:15:53:18	   5	Columbia	-	NASA	STS	ORB190	   0	   0
H00207	STS81	1997-001	S24711	STS-81	1997 Jan 12 0927:23	1997 Jan 22 1422:44	   10:04:55:21	   6	Atlantis	Mir	NASA	STS	ORB191	   0	  71
H00208	TM25	1997-003	S24717	Soyuz TM-25	1997 Feb 10 1409:30	1997 Aug 14 1217:10	  184:22:07:40	   3	Sirius	Mir	RU	Soyuz	ORB192	   0	  72
H00209	STS82	1997-004	S24719	STS-82	1997 Feb 11 0855:17	1997 Feb 21 0832:26	    9:23:37:09	   7	Discovery	-	NASA	STS	ORB193	   0	   0
H00210	STS83	1997-013	S24755	STS-83	1997 Apr  4 1920:32	1997 Apr  8 1833:11	    3:23:12:39	   7	Columbia	-	NASA	STS	ORB194	   0	   0
H00211	STS84	1997-023	S24804	STS-84	1997 May 15 0807:48	1997 May 24 1327:44	    9:05:19:56	   7	Atlantis	Mir	NASA	STS	ORB195	   0	  73
H00212	STS94	1997-032	S24849	STS-94	1997 Jul  1 1802:00	1997 Jul 17 1046:34	   15:16:44:34	   7	Columbia	-	NASA	STS	ORB196	   0	   0
H00213	TM26	1997-038	S24886	Soyuz TM-26	1997 Aug  5 1535:53	1998 Feb 19 0910:30	  197:17:34:37	   2	Rodnik	Mir	RU	Soyuz	ORB197	   0	  74
H00214	STS85	1997-039	S24889	STS-85	1997 Aug  7 1441:00	1997 Aug 19 1107:59	   11:20:26:59	   6	Discovery	-	NASA	STS	ORB198	   0	   0
H00215	STS86	1997-055	S24964	STS-86	1997 Sep 26 0234:19	1997 Oct  6 2155:12	   10:19:20:53	   7	Atlantis	Mir	NASA	STS	ORB199	   0	  75
H00216	STS87	1997-073	S25061	STS-87	1997 Nov 19 1946:00	1997 Dec  5 1220:02	   15:16:34:02	   6	Columbia	-	NASA	STS	ORB200	   0	   0
H00217	STS89	1998-003	S25143	STS-89	1998 Jan 23 0248:15	1998 Jan 31 2235:10	    8:19:46:55	   7	Endeavour	Mir	NASA	STS	ORB201	   0	  76
H00218	TM27	1998-004	S25146	Soyuz TM-27	1998 Jan 29 1633:42	1998 Aug 25 0524:44	  207:12:51:02	   3	Kristall	Mir	RU	Soyuz	ORB202	   0	  77
H00219	STS90	1998-022	S25297	STS-90	1998 Apr 17 1819:00	1998 May  3 1608:59	   15:21:49:59	   7	Columbia	-	NASA	STS	ORB203	   0	   0
H00220	STS91	1998-034	S25356	STS-91	1998 Jun  2 2206:24	1998 Jun 12 1800:24	    9:19:54:00	   6	Discovery	Mir	NASA	STS	ORB204	   0	  78
H00221	TM28	1998-047	S25429	Soyuz TM-28	1998 Aug 13 0943:11	1999 Feb 28 0214:30	  198:16:31:19	   3	Al'tair	Mir	RU	Soyuz	ORB205	   0	  79
H00222	STS95	1998-064	S25519	STS-95	1998 Oct 29 1919:34	1998 Nov  7 1703:30	    8:21:43:56	   7	Discovery	-	NASA	STS	ORB206	   0	   0
H00223	STS88	1998-069	S25549	STS-88	1998 Dec  4 0835:34	1998 Dec 16 0353:29	   11:19:17:55	   6	Endeavour	ISS	NASA	STS	ORB207	   0	  80
H00224	TM29	1999-007	S25632	Soyuz TM-29	1999 Feb 20 0418:01	1999 Aug 28 0034:20	  188:20:16:19	   3	Derbent	Mir	RU	Soyuz	ORB208	   0	  81
H00225	STS96	1999-030	S25760	STS-96	1999 May 27 1049:42	1999 Jun  6 0602:45	    9:19:13:03	   7	Discovery	ISS	NASA	STS	ORB209	   0	  82
H00226	STS93	1999-040	S25866	STS-93	1999 Jul 23 0431:00	1999 Jul 28 0320:36	    4:22:49:36	   5	Columbia	-	NASA	STS	ORB210	   0	   0
H00227	STS103	1999-069	S25996	STS-103	1999 Dec 20 0050:00	1999 Dec 28 0000:47	    7:23:10:47	   7	Discovery	-	NASA	STS	ORB211	   0	   0
H00228	STS99	2000-010	S26088	STS-99	2000 Feb 11 1743:40	2000 Feb 22 2322:24	   11:05:38:44	   6	Endeavour	-	NASA	STS	ORB212	   0	   0
H00229	TM30	2000-018	S26116	Soyuz TM-30	2000 Apr  4 0501:29	2000 Jun 16 0043:45	   72:19:42:16	   2	Yenisey	Mir	RU	Soyuz/MirCorp	ORB213	   0	  83
H00230	STS101	2000-027	S26368	STS-101	2000 May 19 1011:10	2000 May 29 0620:19	    9:20:09:09	   7	Atlantis	ISS	NASA	STS	ORB214	   0	  84
H00231	STS106	2000-053	S26489	STS-106	2000 Sep  8 1245:47	2000 Sep 20 0756:44	   11:19:10:57	   7	Atlantis	ISS	NASA	STS	ORB215	   0	  85
H00232	STS92	2000-062	S26563	STS-92	2000 Oct 11 2317:00	2000 Oct 24 2059:41	   12:21:42:41	   7	Discovery	ISS	NASA	STS	ORB216	   0	  86
H00233	TM31	2000-070	S26603	Soyuz TM-31	2000 Oct 31 0752:47	2001 May  6 0541:28	  186:21:48:41	   3	Uran	ISS	RU	Soyuz	ORB217	   0	  87
H00234	STS97	2000-078	S26630	STS-97	2000 Dec  1 0306:01	2000 Dec 11 2303:23	   10:19:57:22	   5	Endeavour	ISS	NASA	STS	ORB218	   0	  88
H00235	STS98	2001-006	S26698	STS-98	2001 Feb  7 2313:02	2001 Feb 20 2033:06	   12:21:20:04	   5	Atlantis	ISS	NASA	STS	ORB219	   0	  89
H00236	STS102	2001-010	S26718	STS-102	2001 Mar  8 1142:09	2001 Mar 21 0731:42	   12:19:49:33	   7	Discovery	ISS	NASA	STS	ORB220	   0	  90
H00237	STS100	2001-016	S26747	STS-100	2001 Apr 19 1840:42	2001 May  1 1610:43	   11:21:30:01	   7	Endeavour	ISS	NASA	STS	ORB221	   0	  91
H00238	TM32	2001-017	S26749	Soyuz TM-32	2001 Apr 28 0737:20	2001 Oct 31 0459:26	  185:21:22:06	   3	Kristall?	ISS	RU	Soyuz	ORB222	   0	  92
H00239	STS104	2001-028	S26862	STS-104	2001 Jul 12 0903:59	2001 Jul 25 0338:55	   12:18:34:56	   5	Atlantis	ISS	NASA	STS	ORB223	   0	  93
H00240	STS105	2001-035	S26888	STS-105	2001 Aug 10 2110:14	2001 Aug 22 1822:59	   11:21:12:45	   7	Discovery	ISS	NASA	STS	ORB224	   0	  94
H00241	TM33	2001-048	S26955	Soyuz TM-33	2001 Oct 21 0859:35	2002 May  5 0351:53	  195:18:52:18	   3	Derbent	ISS	RU	Soyuz	ORB225	   0	  95
H00242	STS108	2001-054	S26995	STS-108	2001 Dec  5 2219:28	2001 Dec 17 1755:12	   11:19:35:44	   7	Endeavour	ISS	NASA	STS	ORB226	   0	  96
H00243	STS109	2002-010	S27388	STS-109	2002 Mar  1 1122:02	2002 Mar 12 0931:52	   10:22:09:50	   7	Columbia	-	NASA	STS	ORB227	   0	   0
H00244	STS110	2002-018	S27413	STS-110	2002 Apr  8 2044:19	2002 Apr 19 1626:58	   10:19:42:39	   7	STS-110	ISS	NASA	STS	ORB228	   0	  97
H00245	TM34	2002-020	S27416	Soyuz TM-34	2002 Apr 25 0626:35	2002 Nov 10 0004:20	  198:17:37:45	   3	Uran	ISS	RU	Soyuz	ORB229	   0	  98
H00246	STS111	2002-028	S27440	STS-111	2002 Jun  5 2122:49	2002 Jun 19 1757:43	   13:20:34:54	   7	STS-111	ISS	NASA	STS	ORB230	   0	  99
H00247	STS112	2002-047	S27537	STS-112	2002 Oct  7 1945:51	2002 Oct 18 1543:40	   10:19:57:49	   6	STS-112	ISS	NASA	STS	ORB231	   0	 100
H00248	TMA1	2002-050	S27552	Soyuz TMA-1	2002 Oct 30 0311:11	2003 May  4 0204:25	  185:22:53:14	   3	Yenisey	ISS	RU	Soyuz	ORB232	   0	 101
H00249	STS113	2002-052	S27556	STS-113	2002 Nov 24 0049:47	2002 Dec  7 1937:13	   13:18:47:26	   7	STS-113	ISS	NASA	STS	ORB233	   0	 102
H00250	STS107	2003-003	S27647	STS-107	2003 Jan 16 1539:00	2003 Feb  1 1401:10	   15:22:22:10	   7	STS-107	-	NASA	STS	ORB234	   0	   0
H00251	TMA2	2003-016	S27781	Soyuz TMA-2	2003 Apr 26 0353:52	2003 Oct 28 0240:20	  184:22:46:28	   2	Agat	ISS	RU	Soyuz	ORB235	   0	 103
H00252	SZ5	2003-045	S28043	Shenzhou 5	2003 Oct 15 0100:03	2003 Oct 15 2223	    0:21:22 	   1	-	-	CN	SZ	ORB236	   0	   0
H00253	TMA3	2003-047	S28052	Soyuz TMA-3	2003 Oct 18 0538:03	2004 Apr 30 0011:15	  194:18:33:12	   3	Ingul'	ISS	RU	Soyuz	ORB237	   0	 104
H00254	TMA4	2004-013	S28228	Soyuz TMA-4	2004 Apr 19 0319:00	2004 Oct 24 0035:09	  187:21:16:09	   3	Al'tair	ISS	RU	Soyuz	ORB238	   0	 105
H00255	SS1-15P	2004-S22	R67457	SS1 15P	2004 Jun 21 1450	2004 Jun 21 1514	    0:00:23 	   1	-	-	SCL	SS1	SO17	   0	   0
H00256	SS1-16P	2004-S53	R67645	SS1 16P	2004 Sep 29 1509:53	2004 Sep 29 1534:04	    0:00:24:11	   1	-	-	SCL	SS1	SO18	   0	   0
H00257	SS1-17P	2004-S56	R67648	SS1 17P	2004 Oct  4 1449:11	2004 Oct  4 1513:07	    0:00:23:56	   1	-	-	SCL	SS1	SO19	   0	   0
H00258	TMA5	2004-040	S28444	Soyuz TMA-5	2004 Oct 14 0306:26	2005 Apr 24 2208:27	  192:19:02:01	   3	Tyan' Shan'	ISS	RU	Soyuz	ORB239	   0	 106
H00259	TMA6	2005-013	S28640	Soyuz TMA-6	2005 Apr 15 0046:25	2005 Oct 11 0109:48	  179:00:23:23	   3	Bazal't	ISS	RU	Soyuz	ORB240	   0	 107
H00260	STS114	2005-026	S28775	STS-114	2005 Jul 26 1439:00	2005 Aug  9 1211:23	   13:21:32:23	   7	STS-114	ISS	NASA	STS	ORB241	   0	 108
H00261	TMA7	2005-039	S28877	Soyuz TMA-7	2005 Oct  1 0354:53	2006 Apr  8 2347:24	  189:19:52:31	   3	Rassvet	ISS	RU	Soyuz	ORB242	   0	 109
H00262	SZ6	2005-040	S28879	Shenzhou 6	2005 Oct 12 0100:04	2005 Oct 16 2032:54	    4:19:32:50	   2	-	-	CN	SZ	ORB243	   0	   0
H00263	TMA8	2006-009	S28996	Soyuz TMA-8	2006 Mar 30 0230:20	2006 Sep 29 0113:37	  182:22:43:17	   3	Karat	ISS	RU	Soyuz	ORB244	   0	 110
H00264	STS121	2006-028	S29251	STS-121	2006 Jul  4 1837:55	2006 Jul 17 1314:43	   12:18:36:48	   7	STS-121	ISS	NASA	STS	ORB245	   0	 111
H00265	STS115	2006-036	S29391	STS-115	2006 Sep  9 1514:55	2006 Sep 21 1021:25	   11:19:06:30	   6	STS-115	ISS	NASA	STS	ORB246	   0	 112
H00266	TMA9	2006-040	S29400	Soyuz TMA-9	2006 Sep 18 0408:42	2007 Apr 21 1231:04	  215:08:22:22	   3	Vostok	ISS	RU	Soyuz	ORB247	   0	 113
H00267	STS116	2006-055	S29647	STS-116	2006 Dec 10 0147:35	2006 Dec 22 2231:59	   12:20:44:24	   7	STS-116	ISS	NASA	STS	ORB248	   0	 114
H00268	TMA10	2007-008	S31100	Soyuz TMA-10	2007 Apr  7 1731:14	2007 Oct 21 1035:49	  196:17:04:35	   3	Pul'sar	ISS	RU	Soyuz	ORB249	   0	 115
H00269	STS117	2007-024	S31600	STS-117	2007 Jun  8 2338:04	2007 Jun 22 1949:38	   13:20:11:34	   7	STS-117	ISS	NASA	STS	ORB250	   0	 116
H00270	STS118	2007-035	S32008	STS-118	2007 Aug  8 2236:42	2007 Aug 21 1632:17	   12:17:55:35	   7	STS-118	ISS	NASA	STS	ORB251	   0	 117
H00271	TMA11	2007-045	S32256	Soyuz TMA-11	2007 Oct 10 1322:39	2008 Apr 19 0829:44	  191:19:07:05	   3	Agat	ISS	RU	Soyuz	ORB252	   0	 118
H00272	STS120	2007-050	S32272	STS-120	2007 Oct 23 1538:19	2007 Nov  7 1801:18	   15:02:22:59	   7	STS-120	ISS	NASA	STS	ORB253	   0	 119
H00273	STS122	2008-005	S32486	STS-122	2008 Feb  7 1945:30	2008 Feb 20 1407:09	   12:18:21:39	   7	STS-122	ISS	NASA	STS	ORB254	   0	 120
H00274	STS123	2008-009	S32699	STS-123	2008 Mar 11 0628:14	2008 Mar 27 0039:08	   15:18:10:54	   7	STS-123	ISS	NASA	STS	ORB255	   0	 121
H00275	TMA12	2008-015	S32756	Soyuz TMA-12	2008 Apr  8 1116:39	2008 Oct 24 0336:50	  198:16:20:11	   3	Eridan	ISS	RU	Soyuz	ORB256	   0	 122
H00276	STS124	2008-027	S32960	STS-124	2008 May 31 2102:12	2008 Jun 14 1515:18	   13:18:13:06	   7	STS-124	ISS	NASA	STS	ORB257	   0	 123
H00277	SZ7	2008-047	S33386	Shenzhou 7	2008 Sep 25 1310:05	2008 Sep 28 0937:40	    2:20:27:35	   3	-	-	CN	SZ	ORB258	   0	   0
H00278	TMA13	2008-050	S33399	Soyuz TMA-13	2008 Oct 12 0701:33	2009 Apr  8 0715:10	  178:00:13:37	   3	Titan	ISS	RU	Soyuz	ORB259	   0	 124
H00279	STS126	2008-059	S33441	STS-126	2008 Nov 15 0055:39	2008 Nov 30 2125:07	   15:20:29:28	   7	STS-126	ISS	NASA	STS	ORB260	   0	 125
H00280	STS119	2009-012	S34541	STS-119	2009 Mar 15 2343:44	2009 Mar 28 1913:26	   12:19:29:42	   7	STS-119	ISS	NASA	STS	ORB261	   0	 126
H00281	TMA14	2009-015	S34669	Soyuz TMA-14	2009 Mar 26 1149:18	2009 Oct 11 0431:43	  198:16:42:25	   3	Al'tair	ISS	RU	Soyuz	ORB262	   0	 127
H00282	STS125	2009-025	S34933	STS-125	2009 May 11 1801:56	2009 May 24 1539:05	   12:21:37:09	   7	STS-125	ISS	NASA	STS	ORB263	   0	   0
H00283	TMA15	2009-030	S35010	Soyuz TMA-15	2009 May 27 1034:53	2009 Dec  1 0715:34	  187:20:40:41	   3	Parus	ISS	RU	Soyuz	ORB264	   0	 128
H00284	STS127	2009-038	S35633	STS-127	2009 Jul 15 2203:10	2009 Jul 31 1448:10	   15:16:45:00	   7	STS-127	ISS	NASA	STS	ORB265	   0	 129
H00285	STS128	2009-045	S35811	STS-128	2009 Aug 29 0359:37	2009 Sep 12 0053:20	   13:20:53:43	   7	STS-128	ISS	NASA	STS	ORB266	   0	 130
H00286	TMA16	2009-053	S35940	Soyuz TMA-16	2009 Sep 30 0714:45	2010 Mar 17 1124:04	  168:04:09:19	   3	Tsefey	ISS	RU	Soyuz	ORB267	   0	 131
H00287	STS129	2009-062	S36094	STS-129	2009 Nov 16 1928:10	2009 Nov 27 1444:21	   10:19:16:11	   6	STS-129	ISS	NASA	STS	ORB268	   0	 132
H00288	TMA17	2009-074	S36129	Soyuz TMA-17	2009 Dec 20 2152:00	2010 Jun  2 0324:32	  163:05:32:32	   3	Pul'sar	ISS	RU	Soyuz	ORB269	   0	 133
H00289	STS130	2010-004	S36394	STS-130	2010 Feb  8 0914:08	2010 Feb 22 0320:29	   13:18:06:21	   6	STS-130	ISS	NASA	STS	ORB270	   0	 134
H00290	TMA18	2010-011	S36505	Soyuz TMA-18	2010 Apr  2 0404:33	2010 Sep 25 0523:11	  176:01:18:38	   3	Utyos	ISS	RU	Soyuz	ORB271	   0	 135
H00291	STS131	2010-012	S36507	STS-131	2010 Apr  5 1021:25	2010 Apr 20 1308:35	   15:02:47:10	   7	STS-131	ISS	NASA	STS	ORB272	   0	 136
H00292	STS132	2010-019	S36572	STS-132	2010 May 14 1820:09	2010 May 26 1248:08	   11:18:27:59	   6	STS-132	ISS	NASA	STS	ORB273	   0	 137
H00293	TMA19	2010-029	S36603	Soyuz TMA-19	2010 Jun 15 2135:19	2010 Nov 26 0446:53	  163:07:11:34	   3	Olimp	ISS	RU	Soyuz	ORB274	   0	 138
H00294	TMA01M	2010-052	S37183	Soyuz TMA-01M	2010 Oct  7 2310:55	2011 Mar 16 0753:37	  159:08:42:42	   3	Ingul	ISS	RU	Soyuz	ORB275	   0	 139
H00295	TMA20	2010-067	S37254	Soyuz TMA-20	2010 Dec 15 1909:25	2011 May 24 0226:41	  159:07:17:16	   3	Varyag	ISS	RU	Soyuz	ORB276	   0	 140
H00296	STS133	2011-008	S37371	STS-133	2011 Feb 24 2153:24	2011 Mar  9 1657:15	   12:19:03:51	   6	STS-133	ISS	NASA	STS	ORB277	   0	 141
H00297	TMA21	2011-012	S37382	Soyuz TMA-21	2011 Apr  4 2218:20	2011 Sep 16 0359:44	  164:05:41:24	   3	Tarkhany	ISS	RU	Soyuz	ORB278	   0	 142
H00298	STS134	2011-020	S37577	STS-134	2011 May 16 1256:28	2011 Jun  1 0634:50	   15:17:38:22	   6	STS-134	ISS	NASA	STS	ORB279	   0	 143
H00299	TMA02M	2011-023	S37633	Soyuz TMA-02M	2011 Jun  7 2012:45	2011 Nov 22 0225:10	  167:06:12:25	   3	Eridan	ISS	RU	Soyuz	ORB280	   0	 144
H00300	STS135	2011-031	S37736	STS-135	2011 Jul  8 1529:04	2011 Jul 21 0956:55	   12:18:27:51	   4	STS-135	ISS	NASA	STS	ORB281	   0	 145
H00301	TMA22	2011-067	S37877	Soyuz TMA-22	2011 Nov 14 0414:03	2012 Apr 27 1145:35	  165:07:31:32	   3	Astrey	ISS	RU	Soyuz	ORB282	   0	 146
H00302	TMA03M	2011-078	S38036	Soyuz TMA-03M	2011 Dec 21 1316:15	2012 Jul  1 0814:41	  192:18:58:26	   3	Antares	ISS	RU	Soyuz	ORB283	   0	 147
H00303	TMA04M	2012-022	S38291	Soyuz TMA-04M	2012 May 15 0301:23	2012 Sep 17 0252:53	  124:23:51:30	   3	Al'tair	ISS	RU	Soyuz	ORB284	   0	 148
H00304	SZ9	2012-032	S38461	Shenzhou 9	2012 Jun 16 1037:25	2012 Jun 29 0202	   12:15:24 	   3	-	TG1	CN	SZ	ORB285	   0	 149
H00305	TMA05M	2012-037	S38671	Soyuz TMA-05M	2012 Jul 15 0240:03	2012 Nov 19 0153:20	  126:23:13:17	   3	Agat	ISS	RU	Soyuz	ORB286	   0	 150
H00306	TMA06M	2012-058	S38871	Soyuz TMA-06M	2012 Oct 23 1051:11	2013 Mar 16 0306:13	  143:16:15:02	   3	Kazbek	ISS	RU	Soyuz	ORB287	   0	 151
H00307	TMA07M	2012-074	S39032	Soyuz TMA-07M	2012 Dec 19 1212:35	2013 May 14 0230:47	  145:14:18:12	   3	Parus	ISS	RU	Soyuz	ORB288	   0	 152
H00308	TMA08M	2013-013	S39125	Soyuz TMA-08M	2013 Mar 28 2043:20	2013 Sep 11 0258:28	  166:06:15:08	   3	Karat	ISS	RU	Soyuz	ORB289	   0	 153
H00309	TMA09M	2013-025	S39170	Soyuz TMA-09M	2013 May 28 2031:24	2013 Nov 11 0249:00	  166:06:17:36	   3	Olimp	ISS	RU	Soyuz	ORB290	   0	 154
H00310	SZ10	2013-029	S39179	Shenzhou 10	2013 Jun 11 0938:03	2013 Jun 26 0007	   14:14:28 	   3	-	TG1	CN	SZ	ORB291	   0	 155
H00311	TMA10M	2013-054	S39263	Soyuz TMA-10M	2013 Sep 25 2058:50	2014 Mar 11 0323:48	  166:06:24:58	   3	Pulsar	ISS	RU	Soyuz	ORB292	   0	 156
H00312	TMA11M	2013-061	S39373	Soyuz TMA-11M	2013 Nov  7 0414:15	2014 May 14 0158:06	  187:21:43:51	   3	Vostok	ISS	RU	Soyuz	ORB293	   0	 157
H00313	TMA12M	2014-013	S39622	Soyuz TMA-12M	2014 Mar 25 2117:23	2014 Sep 11 0223:07	  169:05:05:44	   3	Utyos	ISS	RU	Soyuz	ORB294	   0	 158
H00314	TMA13M	2014-031	S39775	Soyuz TMA-13M	2014 May 28 1957:41	2014 Nov 10 0358:50	  165:08:01:09	   3	Tsefey   (Cep)	ISS	RU	Soyuz	ORB295	   0	 159
H00315	TMA14M	2014-057	S40246	Soyuz TMA-14M	2014 Sep 25 2025:00	2015 Mar 12 0207:40	  167:05:42:40	   3	Tarkhany	ISS	RU	Soyuz	ORB296	   0	 160
H00316	TMA15M	2014-074	S40312	Soyuz TMA-15M	2014 Nov 23 2101:13	2015 Jun 11 1343:57	  199:16:42:44	   3	Astrey	ISS	RU	Soyuz	ORB297	   0	 161
H00317	TMA16M	2015-016	S40542	Soyuz TMA-16M	2015 Mar 27 1942:57	2015 Sep 12 0051:36	  168:05:08:39	   3	Al'tair	ISS	RU	Soyuz	ORB298	   0	 162
H00318	TMA17M	2015-035	S40744	Soyuz TMA-17M	2015 Jul 22 2102:45	2015 Dec 11 1312:30	  141:16:09:45	   3	Antares	ISS	RU	Soyuz	ORB299	   0	 163
H00319	TMA18M	2015-043	S40885	Soyuz TMA-18M	2015 Sep  2 0437:43	2016 Mar  2 0425:51	  181:23:48:08	   3	Eridan	ISS	RU	Soyuz	ORB300	   0	 164
H00320	TMA19M	2015-076	S41124	Soyuz TMA-19M	2015 Dec 15 1103:10	2016 Jun 18 0915:06	  185:22:11:56	   3	Agat	ISS	RU	Soyuz	ORB301	   0	 165
H00321	TMA20M	2016-018	S41391	Soyuz TMA-20M	2016 Mar 18 2126:39	2016 Sep  7 0113:35	  172:03:46:56	   3	Burlak	ISS	RU	Soyuz	ORB302	   0	 166
H00322	MS01	2016-044	S41639	Soyuz MS-01	2016 Jul  7 0136:40	2016 Oct 30 0358:23	  115:02:21:43	   3	Irkut	ISS	RU	Soyuz	ORB303	   0	 167
H00323	SZ11	2016-061	S41812	Shenzhou 11	2016 Oct 16 2330:31	2016 Nov 18 0559	   32:06:28 	   2	-	TG2	CN	SZ	ORB304	   0	 168
H00324	MS02	2016-063	S41820	Soyuz MS-02	2016 Oct 19 0805:14	2017 Apr 10 1120:22	  173:03:15:08	   3	Favor	ISS	RU	Soyuz	ORB305	   0	 169
H00325	MS03	2016-070	S41864	Soyuz MS-03	2016 Nov 17 2020:13	2017 Jun  2 1410:30	  196:17:50:17	   3	Kazbek	ISS	RU	Soyuz	ORB306	   0	 170
H00326	MS04	2017-020	S42682	Soyuz MS-04	2017 Apr 20 0713:43	2017 Sep  3 0121:41	  135:18:07:58	   2	Olimp	ISS	RU	Soyuz	ORB307	   0	 171
H00327	MS05	2017-043	S42898	Soyuz MS-05	2017 Jul 28 1541:12	2017 Dec 14 0837:49	  138:16:56:37	   3	Borei	ISS	RU	Soyuz	ORB308	   0	 172
H00328	MS06	2017-054	S42937	Soyuz MS-06	2017 Sep 12 2117:02	2018 Feb 28 0231:20	  168:05:14:18	   3	Al'tair	ISS	RU	Soyuz	ORB309	   0	 173
H00329	MS07	2017-081	S43063	Soyuz MS-07	2017 Dec 17 0721:01	2018 Jun  3 1239:15	  168:05:18:14	   3	Astrey	ISS	RU	Soyuz	ORB310	   0	 174
H00330	MS08	2018-026	S43238	Soyuz MS-08	2018 Mar 21 1744:23	2018 Oct  4 1144:38	  196:18:00:15	   3	Hawaii	ISS	RU	Soyuz	ORB311	   0	 175
H00331	MS09	2018-051	S43493	Soyuz MS-09	2018 Jun  6 1112:39	2018 Dec 20 0502	  196:17:49 	   3	Altai	ISS	RU	Soyuz	ORB312	   0	 176
H00332	MS10	2018-F01	F01526	Soyuz MS-10	2018 Oct 11 0840:15	2018 Oct 11 0859:56	    0:00:19:41	   2	Burlak	ISS	RU	Soyuz	SO20	   0	 177
H00333	MS11	2018-098	S43756	Soyuz MS-11	2018 Dec  3 1131:52	2019 Jun 25 0248:54	  203:15:17:02	   3	Antares	ISS	RU	Soyuz	ORB313	   0	 178
H00334	SS2-15	2018-S79	R78887	VMS Unity VP-03	2018 Dec 13 1559:39	2018 Dec 13 1613:47	    0:00:14:08	   2	Unity 15	-	VG	VG	SO21	   0	   0
H00335	SS2-16	2019-S08	R79373	VMS Unity VF-01	2019 Feb 22 1653:40	2019 Feb 22 1708:49	    0:00:15:09	   3	Unity 16	-	VG	VG	SO22	   0	   0
H00336	MS12	2019-013	S44069	Soyuz MS-12	2019 Mar 14 1914:09	2019 Oct  3 1059:20?	  202:15:45:11	   3	Burlak	ISS	RU	Soyuz	ORB314	   0	 179
H00337	MS13	2019-041	S44437	Soyuz MS-13	2019 Jul 20 1628:20	2020 Feb  6 0912:21	  200:16:44:01	   3	Utyos	ISS	RU	Soyuz	ORB315	   0	 180
H00338	MS15	2019-064	S44550	Soyuz MS-15	2019 Sep 25 1357:43	2020 Apr 17 0516:43	  204:15:19:00	   3	Sarmat	ISS	RU	Soyuz	ORB316	   0	 181
H00339	MS16	2020-023	S45476	Soyuz MS-16	2020 Apr  9 0805:06	2020 Oct 22 0254:12	  195:18:49:06	   3	Irkut	ISS	RU	Soyuz	ORB317	   0	 182
H00340	DM2	2020-033	S45623	Dragon DM-2	2020 May 30 1922:45	2020 Aug  2 1847:48?	   63:23:25:03	   2	Endeavour	ISS	SPX	Dragon	ORB318	   0	 183
H00341	MS17	2020-072	S46613	Soyuz MS-17	2020 Oct 14 0545:04	2021 Apr 17 0455:12	  184:23:10:08	   3	Favor	ISS	RU	Soyuz	ORB319	   0	 184
H00342	SPXC1	2020-084	S46920	Dragon Crew-1	2020 Nov 16 0027:17	2021 May  2 0656:43	  167:06:29:26	   4	Resilience	ISS	SPX	Dragon	ORB320	   0	 185
HA0015	SS2-20	2020-A22	L80532	VMS Unity VF-02	2020 Dec 12 1616:50?	2020 Dec 12 1630?	    0:00:13?	   2	Unity 20	-	VG	VG	-	   0	   0
H00343	MS18	2021-029	S48159	Soyuz MS-18	2021 Apr  9 0742:41	2021 Oct 17 0435:44	  190:20:53:03	   3	Kazbek	ISS	RU	Soyuz	ORB321	   0	 186
H00344	SPXC2	2021-030	S48209	Dragon Crew-2	2021 Apr 23 0949:02	2021 Nov  9 0332:45?	  199:17:43:43	   4	Endeavour	ISS	SPX	Dragon	ORB322	   0	 187
H00345	SS2-21	2021-S26	R80392	VMS Unity VF-02-2	2021 May 22 1526	2021 May 22 1543	    0:00:16 	   2	Unity 21	-	VG	VG	SO23	   0	   0
H00346	SZ12	2021-053	S48852	Shenzhou 12	2021 Jun 17 0122:32	2021 Sep 17 0534:10?	   92:04:11:38	   3	-	TG	CN	SZ	ORB323	   0	 188
H00347	SS2-22	2021-S41	R80510	VMS Unity 22	2021 Jul 11 1525:00?	2021 Jul 11 1540:14	    0:00:15:14	   6	Unity 22	-	VG	VG	SO24	   0	   0
H00348	NS16	2021-S45	R80531	New Shepard NS-16	2021 Jul 20 1311:00?	2021 Jul 20 1321:18	    0:00:10:18	   4	-	-	BO	NS	SO25	   0	   0
H00349	INSP4	2021-084	S49220	Inspiration4	2021 Sep 16 0002:56	2021 Sep 18 2306:49?	    2:23:03:53	   4	Inspiration4	-	SPX	Dragon	ORB324	   0	   0
H00350	MS19	2021-089	S49269	Soyuz MS-19	2021 Oct  5 0855:02	-	   75:18:53:51*	   3	Astrey	ISS	RU	Soyuz	ORB325	   0	 189
H00351	NS18	2021-S69	R80710	New Shepard NS-18	2021 Oct 13 1449:00?	2021 Oct 13 1459:09	    0:00:10 	   4	-	-	BO	NS	SO26	   0	   0
H00352	SZ13	2021-092	S49326	Shenzhou 13	2021 Oct 15 1623:44	-	   65:11:25:09*	   3	-	TG	CN	SZ	ORB326	   0	 190
H00353	SPXC3	2021-103	S49407	Dragon Crew-3	2021 Nov 11 0203:31	-	   39:01:45:22*	   4	Endurance	ISS	SPX	Dragon	ORB327	   0	 191
H00354	MS20	2021-119	S49922	Soyuz MS-20	2021 Dec  8 0738:15	2021 Dec 20 0313:41?	   11:19:35:26	   3	Al'tair	ISS	RU	Soyuz	ORB328	   0	 192
H00355	NS19	2021-S89	R80894	New Shepard NS-19	2021 Dec 11 1500:49	2021 Dec 11 1510:55	    0:00:10:06	   6	-	-	BO	NS	SO27	   0	   0
